<?xml version="1.0" encoding="UTF-8"?>
<Libros xsi:noNamespaceSchemaLocation="Libros.xsd">
<Libro publicado="1894">
<Titulo>El Libro de la Jungla</Titulo>
<Autor>Rudiard Kipling</Autor>
</Libro>
<Libro publicado="2003">
<Titulo>El Cédigo Da Vinci</Titulo>
<Autor>Dan Brown</Autor>
</Libro>
<Libro publicado="1981">
<Titulo>El Nombre de la Rosa</Titulo>
<Autor>Umberto Eco</Autor>
</Libro>
<Libro publicado="1605">
<Titulo>Don Quijote</Titulo>
<Autor>Cervantes</Autor>
</Libro>
</Libros>